﻿questionnaire_id,num_news,filename,filepath
1,12,questionnaire_1.xlsx,/content/generated_questionnaires/questionnaire_1.xlsx
10,12,questionnaire_10.xlsx,/content/generated_questionnaires/questionnaire_10.xlsx
2,12,questionnaire_2.xlsx,/content/generated_questionnaires/questionnaire_2.xlsx
3,12,questionnaire_3.xlsx,/content/generated_questionnaires/questionnaire_3.xlsx
4,12,questionnaire_4.xlsx,/content/generated_questionnaires/questionnaire_4.xlsx
5,12,questionnaire_5.xlsx,/content/generated_questionnaires/questionnaire_5.xlsx
6,12,questionnaire_6.xlsx,/content/generated_questionnaires/questionnaire_6.xlsx
7,12,questionnaire_7.xlsx,/content/generated_questionnaires/questionnaire_7.xlsx
8,12,questionnaire_8.xlsx,/content/generated_questionnaires/questionnaire_8.xlsx
9,12,questionnaire_9.xlsx,/content/generated_questionnaires/questionnaire_9.xlsx
